airlineIATA,destinationIATA,flightNumber,flightNature,flightTypeIATA,scheduleDate,scheduleHour,seatCapacity,sector,terminal,pax,loadFactor,warnings,Country,EU Status,CTA Status,AircraftSizeICAO,PaxLoadFactor,LocalPax,HasWarnings,LowLoadFactor,HighLoadFactor
FR,LIS,1883,A,J,2024-12-04,00:30:00,197,I,T1,200.94,1.02,Pax: Flight # has changed from 1885 to 1883,PORTUGAL,EU,NON CTA,C,1.02,200.94,True,False,True
ZT,LGW,664P,A,P,2024-12-04,06:45:00,0,D,T1,0,0,,GREAT BRITAIN,DOMESTIC,DOMESTIC,C,0,0,False,True,False
FR,PRG,1014,A,J,2024-12-04,07:00:00,189,I,T1,150.10026315789474,0.7941812865497077,,CZECH REPUBLIC,EU,NON CTA,C,0.7941812865497077,150.10026315789474,False,False,False
FR,RIX,1136,A,J,2024-12-04,07:00:00,189,I,T1,161.40900000000002,0.8540158730158731,Pax: 2 flights have been used for reference,LATVIA,EU,NON CTA,C,0.8540158730158731,161.40900000000002,True,False,False
FR,BER,144,A,J,2024-12-04,07:00:00,189,I,T1,174.384,0.9226666666666666,,GERMANY,EU,NON CTA,C,0.9226666666666666,174.384,False,False,False
FR,MAD,2629,A,J,2024-12-04,07:15:00,197,I,T1,200.94,1.02,,SPAIN,EU,NON CTA,C,1.02,200.94,False,False,True
U2,BFS,37,A,J,2024-12-04,07:20:00,195,D,T1,190.17722580645162,0.9752678246484698,Pax: Flight load factor is 30.3 percentage points greater than reference flight load factor,GREAT BRITAIN,DOMESTIC,DOMESTIC,C,0.9752678246484698,190.17722580645162,True,False,False
RK,EDI,597,A,J,2024-12-04,07:20:00,189,D,T1,181.64999999999998,0.961111111111111,,GREAT BRITAIN,DOMESTIC,DOMESTIC,C,0.961111111111111,181.64999999999998,False,False,False
FR,CGN,2353,A,J,2024-12-04,07:25:00,189,I,T1,188.68767512690357,0.9983474874439342,,GERMANY,EU,NON CTA,C,0.9983474874439342,188.68767512690357,False,False,False
FR,PMI,26,A,J,2024-12-04,07:25:00,186,I,T1,121.08462222222222,0.6509925925925926,Pax: Flight load factor is 32.3 percentage points lower than reference flight load factor,SPAIN,EU,NON CTA,C,0.6509925925925926,121.08462222222222,True,False,False
FR,OTP,1006,A,J,2024-12-04,07:25:00,189,I,T1,151.76578680203045,0.802993580963124,,ROMANIA,EU,NON CTA,C,0.802993580963124,151.76578680203045,False,False,False
FR,WRO,8406,A,J,2024-12-04,07:30:00,197,I,T1,200.18176000000003,1.0161510659898478,,POLAND,EU,NON CTA,C,1.0161510659898478,200.18176000000003,False,False,True
FR,ARN,4692,A,J,2024-12-04,07:35:00,189,I,T1,163.17500507614213,0.8633598152176832,,SWEDEN,EU,NON CTA,C,0.8633598152176832,163.17500507614213,False,False,False
FR,KUN,2745,A,J,2024-12-04,07:35:00,197,I,T1,144.6463068783069,0.734245212580238,Pax: Flight load factor is 22.0 percentage points lower than reference flight load factor,LITHUANIA,EU,NON CTA,C,0.734245212580238,144.6463068783069,True,False,False
FR,MXP,2756,A,J,2024-12-04,07:35:00,197,I,T1,200.94,1.02,,ITALY,EU,NON CTA,C,1.02,200.94,False,False,True
FR,GDN,532,A,J,2024-12-04,07:40:00,189,I,T1,140.13,0.7414285714285714,Pax: Flight load factor is 23.7 percentage points lower than reference flight load factor,POLAND,EU,NON CTA,C,0.7414285714285714,140.13,True,False,False
FR,BLL,5165,A,J,2024-12-04,07:40:00,189,I,T1,178.536,0.9446349206349206,,DENMARK,EU,NON CTA,C,0.9446349206349206,178.536,False,False,False
FR,CPH,2619,A,J,2024-12-04,07:40:00,189,I,T1,135.37030456852793,0.716244997717079,,DENMARK,EU,NON CTA,C,0.716244997717079,135.37030456852793,False,False,False
FR,DUB,202,A,J,2024-12-04,07:50:00,189,I,T1,192.78,1.02,Pax: Flight load factor is 20.5 percentage points greater than reference flight load factor,IRISH REPUBLIC,EU,CTA,C,1.02,192.78,True,False,True
FR,KRK,2363,A,J,2024-12-04,07:55:00,197,I,T1,157.87302645502646,0.8013859210915049,,POLAND,EU,NON CTA,C,0.8013859210915049,157.87302645502646,False,False,False
FR,AGP,8163,A,J,2024-12-04,08:00:00,189,I,T1,176.3897461928934,0.9332790803856793,,SPAIN,EU,NON CTA,C,0.9332790803856793,176.3897461928934,False,False,False
FR,ATH,14,A,J,2024-12-04,08:00:00,189,I,T1,170.232,0.9006984126984127,,GREECE,EU,NON CTA,C,0.9006984126984127,170.232,False,False,False
FR,CIA,2456,A,J,2024-12-04,08:05:00,197,I,T1,116.81435978835977,0.5929662933419277,Pax: Flight load factor is 33.8 percentage points lower than reference flight load factor,ITALY,EU,NON CTA,C,0.5929662933419277,116.81435978835977,True,False,False
FR,NAP,1475,A,J,2024-12-04,08:15:00,189,I,T1,189.18647715736037,1.0009866516262453,,ITALY,EU,NON CTA,C,1.0009866516262453,189.18647715736037,False,False,True
U2,EDI,309,A,J,2024-12-04,08:20:00,186,D,T1,182.3207076923077,0.980218858560794,Pax: Flight load factor is 30.3 percentage points greater than reference flight load factor,GREAT BRITAIN,DOMESTIC,DOMESTIC,C,0.980218858560794,182.3207076923077,True,False,False
FR,SVQ,8362,A,J,2024-12-04,08:20:00,197,I,T1,167.96560846560848,0.8526173018558806,,SPAIN,EU,NON CTA,C,0.8526173018558806,167.96560846560848,False,False,False
U2,GLA,411,A,J,2024-12-04,08:35:00,156,D,T1,159.12,1.02,,GREAT BRITAIN,DOMESTIC,DOMESTIC,C,1.02,159.12,False,False,True
FR,TLS,282,A,J,2024-12-04,08:45:00,189,I,T1,165.38799999999998,0.875068783068783,Pax: Flight # has changed from 296 to 282,FRANCE,EU,NON CTA,C,0.875068783068783,165.38799999999998,True,False,False
FR,PFO,3132,A,J,2024-12-04,08:55:00,189,I,T1,175.9032385786802,0.9307049660247629,,CYPRUS,EU,NON CTA,C,0.9307049660247629,175.9032385786802,False,False,False
RK,BFS,128,A,J,2024-12-04,09:00:00,189,D,T1,192.78,1.02,Pax: Flight load factor is 29.5 percentage points greater than reference flight load factor,GREAT BRITAIN,DOMESTIC,DOMESTIC,C,1.02,192.78,True,False,True
FR,OPO,1262,A,J,2024-12-04,09:10:00,197,I,T1,187.63451851851852,0.9524594848655762,,PORTUGAL,EU,NON CTA,C,0.9524594848655762,187.63451851851852,False,False,False
FR,EIN,2533,A,J,2024-12-04,09:25:00,189,I,T1,161.236,0.853100529100529,,NETHERLANDS,EU,NON CTA,C,0.853100529100529,161.236,False,False,False
FR,DUB,204,A,J,2024-12-04,09:35:00,189,I,T1,177.4288,0.9387767195767196,,IRISH REPUBLIC,EU,CTA,C,0.9387767195767196,177.4288,False,False,False
PC,SAW,1169,A,J,2024-12-04,09:35:00,240,I,T1,157.67610878661088,0.6569837866108786,Pax: Flight # has changed from 1161 to 1169,TURKEY,NON EU,NON CTA,C,0.6569837866108786,157.67610878661088,True,False,False
FR,FAO,5553,A,J,2024-12-04,09:45:00,189,I,T1,178.19,0.9428042328042329,,PORTUGAL,EU,NON CTA,C,0.9428042328042329,178.19,False,False,False
OG,KEF,800,A,J,2024-12-04,10:00:00,195,I,T1,128.25364942528736,0.6577110226937813,Pax: Flight load factor is 26.3 percentage points greater than reference flight load factor,ICELAND,NON EU,NON CTA,C,0.6577110226937813,128.25364942528736,True,False,False
5F,RMO,547,A,J,2024-12-04,10:20:00,186,I,T1,111.15632568221653,0.5976146542054652,Pax: 36 flights have been used for reference,MOLDOVA,NON EU,NON CTA,C,0.5976146542054652,111.15632568221653,True,False,False
FR,NOC,804,A,J,2024-12-04,10:30:00,189,I,T1,123.176,0.6517248677248677,,IRISH REPUBLIC,EU,CTA,C,0.6517248677248677,123.176,False,False,False
FR,BGY,2697,A,J,2024-12-04,10:40:00,197,I,T1,200.94,1.02,Pax: 2 flights have been used for reference,ITALY,EU,NON CTA,C,1.02,200.94,True,False,True
FR,VIE,729,A,J,2024-12-04,10:45:00,186,I,T1,189.49266666666668,1.0187777777777778,,AUSTRIA,EU,NON CTA,C,1.0187777777777778,189.49266666666668,False,False,True
FR,NUE,7633,A,J,2024-12-04,11:05:00,189,I,T1,181.99599999999998,0.9629417989417989,,GERMANY,EU,NON CTA,C,0.9629417989417989,181.99599999999998,False,False,False
FR,PSA,585,A,J,2024-12-04,11:15:00,189,I,T1,171.27,0.9061904761904762,,ITALY,EU,NON CTA,C,0.9061904761904762,171.27,False,False,False
FR,GDN,544,A,J,2024-12-04,11:15:00,189,I,T1,178.882,0.9464656084656085,,POLAND,EU,NON CTA,C,0.9464656084656085,178.882,False,False,False
FR,BUD,1659,A,J,2024-12-04,11:25:00,197,I,T1,161.3000740740741,0.8187821018988533,Pax: Flight # has changed from 2515 to 1659,HUNGARY,EU,NON CTA,C,0.8187821018988533,161.3000740740741,True,False,False
FR,BLQ,195,A,J,2024-12-04,11:30:00,197,I,T1,200.94,1.02,,ITALY,EU,NON CTA,C,1.02,200.94,False,False,True
U2,EDI,311,A,J,2024-12-04,11:35:00,186,D,T1,189.72,1.02,Pax: Flight # has changed from 313 to 311,GREAT BRITAIN,DOMESTIC,DOMESTIC,C,1.02,189.72,True,False,True
FR,VCE,793,A,J,2024-12-04,11:40:00,197,I,T1,200.94,1.02,,ITALY,EU,NON CTA,C,1.02,200.94,False,False,True
FR,MAD,5993,A,J,2024-12-04,11:45:00,189,I,T1,192.78,1.02,Pax: Flight # has changed from 2629 to 5993,SPAIN,EU,NON CTA,C,1.02,192.78,True,False,True
FR,POZ,1751,A,J,2024-12-04,11:45:00,189,I,T1,187.01299999999998,0.9894867724867724,Pax: 2 flights have been used for reference,POLAND,EU,NON CTA,C,0.9894867724867724,187.01299999999998,True,False,False
FR,GOA,973,A,J,2024-12-04,11:45:00,189,I,T1,181.22179383142785,0.9588454700075547,Pax: 30 flights have been used for reference,ITALY,EU,NON CTA,C,0.9588454700075547,181.22179383142785,True,False,False
VF,SAW,1987,A,J,2024-12-04,11:45:00,220,I,T1,170.0953475712664,0.7731606707784836,Pax: 2 flights have been used for reference,TURKEY,NON EU,NON CTA,C,0.7731606707784836,170.0953475712664,True,False,False
PC,SAW,1161,A,J,2024-12-04,11:50:00,240,I,T1,189.32859414225942,0.7888691422594143,Pax: Flight # has changed from 1163 to 1161,TURKEY,NON EU,NON CTA,C,0.7888691422594143,189.32859414225942,True,False,False
FR,CIA,2509,A,J,2024-12-04,11:50:00,197,I,T1,169.47592592592594,0.8602838879488627,,ITALY,EU,NON CTA,C,0.8602838879488627,169.47592592592594,False,False,False
PC,ADB,1531,A,J,2024-12-04,11:50:00,195,I,T1,174.1161290322581,0.8929032258064518,Pax: Flight # has changed from 1527 to 1531,TURKEY,NON EU,NON CTA,C,0.8929032258064518,174.1161290322581,True,False,False
FR,KTW,2472,A,J,2024-12-04,11:55:00,189,I,T1,140.13,0.7414285714285714,,POLAND,EU,NON CTA,C,0.7414285714285714,140.13,False,False,False
EK,DXB,65,A,J,2024-12-04,12:05:00,442,I,T1,181.713661393597,0.41111688098098864,,UNITED ARAB EMIRATES,NON EU,NON CTA,E,0.41111688098098864,181.713661393597,False,False,False
FR,EIN,2538,A,J,2024-12-04,12:20:00,197,I,T1,179.60146031746032,0.9116825396825396,Pax: Flight # has changed from 2533 to 2538,NETHERLANDS,EU,NON CTA,C,0.9116825396825396,179.60146031746032,True,False,False
RK,TIA,8289,A,J,2024-12-04,12:25:00,189,I,T1,179.92000000000002,0.951957671957672,,ALBANIA,NON EU,NON CTA,C,0.951957671957672,179.92000000000002,False,False,False
FR,BCN,8215,A,J,2024-12-04,12:30:00,189,I,T1,191.68399999999997,1.0142010582010583,,SPAIN,EU,NON CTA,C,1.0142010582010583,191.68400000000003,False,False,True
FR,PSR,983,A,J,2024-12-04,12:35:00,189,I,T1,174.73,0.9244973544973545,,ITALY,EU,NON CTA,C,0.9244973544973545,174.73,False,False,False
FR,BRI,1906,A,J,2024-12-04,12:35:00,197,I,T1,200.94,1.02,,ITALY,EU,NON CTA,C,1.02,200.94,False,False,True
XQ,GZT,742,A,J,2024-12-04,12:45:00,189,I,T1,187.09833111553544,0.989938259870558,Pax: 41 flights have been used for reference,TURKEY,NON EU,NON CTA,C,0.989938259870558,187.09833111553544,True,False,False
FR,LIS,1081,A,J,2024-12-04,12:50:00,197,I,T1,173.50160846560848,0.8807188246985203,,PORTUGAL,EU,NON CTA,C,0.8807188246985203,173.50160846560848,False,False,False
FR,HEL,2345,A,J,2024-12-04,13:00:00,197,I,T1,179.574,0.9115431472081219,,FINLAND,EU,NON CTA,C,0.9115431472081219,179.574,False,False,False
ZT,BCN,664W,A,P,2024-12-04,13:10:00,0,I,T1,0,0,,SPAIN,EU,NON CTA,C,0,0,False,True,False
FR,SOF,1731,A,J,2024-12-04,13:20:00,189,I,T1,187.28435532994922,0.9909225149732763,,BULGARIA,EU,NON CTA,C,0.9909225149732763,187.28435532994922,False,False,False
FR,BUD,2515,A,J,2024-12-04,13:25:00,189,I,T1,157.77599999999998,0.8347936507936508,Pax: Flight # has changed from 8200 to 2515,HUNGARY,EU,NON CTA,C,0.8347936507936508,157.77599999999998,True,False,False
FR,DUB,211,A,J,2024-12-04,13:25:00,189,I,T1,179.33513705583758,0.9488631590255956,Pax: Flight # has changed from 255 to 211,IRISH REPUBLIC,EU,CTA,C,0.9488631590255956,179.33513705583758,True,False,False
FR,VLC,642,A,J,2024-12-04,13:30:00,197,I,T1,170.99173544973544,0.8679783525367282,,SPAIN,EU,NON CTA,C,0.8679783525367282,170.99173544973544,False,False,False
FR,SKG,2568,A,J,2024-12-04,13:45:00,197,I,T1,200.94,1.02,,GREECE,EU,NON CTA,C,1.02,200.94,False,False,True
FR,GOT,965,A,J,2024-12-04,13:55:00,189,I,T1,182.7570207253886,0.9669683636263947,Pax: 2 flights have been used for reference,SWEDEN,EU,NON CTA,C,0.9669683636263947,182.7570207253886,True,False,False
FR,CPH,7381,A,J,2024-12-04,14:35:00,189,I,T1,170.61541586152364,0.9027270680503896,Pax: 3 flights have been used for reference,DENMARK,EU,NON CTA,C,0.9027270680503896,170.61541586152364,True,False,False
RK,BCN,8231,A,J,2024-12-04,14:40:00,189,I,T1,155.873,0.8247248677248676,Pax: 2 flights have been used for reference,SPAIN,EU,NON CTA,C,0.8247248677248676,155.873,True,False,False
RK,BJV,7057,A,J,2024-12-04,14:40:00,189,I,T1,155.873,0.8247248677248676,Pax: 2 flights have been used for reference,TURKEY,NON EU,NON CTA,C,0.8247248677248676,155.873,True,False,False
FR,EIN,5682,A,J,2024-12-04,14:45:00,189,I,T1,158.11848730964465,0.8366057529610829,Pax: Flight # has changed from 2538 to 5682,NETHERLANDS,EU,NON CTA,C,0.8366057529610829,158.11848730964465,True,False,False
PC,SAW,1165,A,J,2024-12-04,14:45:00,195,I,T1,152.48820465469882,0.7819907931010196,Pax: 4 flights have been used for reference,TURKEY,NON EU,NON CTA,C,0.7819907931010196,152.48820465469882,True,False,False
FR,ALC,2506,A,J,2024-12-04,14:45:00,189,I,T1,183.3879338029372,0.9703065280578688,Pax: 3 flights have been used for reference,SPAIN,EU,NON CTA,C,0.9703065280578688,183.3879338029372,True,False,False
VF,ESB,531,A,J,2024-12-04,14:50:00,197,I,T1,162.74702061087063,0.8261270081770082,Pax: Airline has changed from TK to VF; Pax: Flight # has changed from 5590 to 531; Pax: Flight load factor is 23.9 percentage points greater than reference flight load factor,TURKEY,NON EU,NON CTA,C,0.8261270081770082,162.74702061087063,True,False,False
VF,SAW,1989,A,J,2024-12-04,14:55:00,220,I,T1,163.02220961177412,0.7410100436898823,Pax: Airline has changed from TK to VF; Pax: Flight # has changed from 7820 to 1989,TURKEY,NON EU,NON CTA,C,0.7410100436898823,163.02220961177412,True,False,False
FR,ACE,251,A,J,2024-12-04,14:55:00,197,I,T1,173.80550264550268,0.8822614347487445,,SPAIN,EU,NON CTA,C,0.8822614347487445,173.80550264550268,False,False,False
FR,SZY,229,A,J,2024-12-04,14:55:00,189,I,T1,161.86485153746742,0.856427785912526,Pax: 28 flights have been used for reference,POLAND,EU,NON CTA,C,0.856427785912526,161.86485153746742,True,False,False
U2,BFS,41,A,J,2024-12-04,15:10:00,186,D,T1,154.30535384615385,0.829598676592225,,GREAT BRITAIN,DOMESTIC,DOMESTIC,C,0.829598676592225,154.30535384615385,False,False,False
FR,TAT,4717,A,J,2024-12-04,15:15:00,189,I,T1,29.56280203045685,0.15641694196008915,Pax: Flight load factor is 41.2 percentage points lower than reference flight load factor,SLOVAKIA,EU,NON CTA,C,0.15641694196008915,29.56280203045685,True,False,False
FR,NTE,8504,A,J,2024-12-04,15:35:00,197,I,T1,146.78638095238097,0.7451085327532029,,FRANCE,EU,NON CTA,C,0.7451085327532029,146.78638095238097,False,False,False
FR,CAG,2686,A,J,2024-12-04,15:40:00,189,I,T1,183.38,0.9702645502645503,,ITALY,EU,NON CTA,C,0.9702645502645503,183.38,False,False,False
FR,FUE,610,A,J,2024-12-04,15:45:00,189,I,T1,142.8786802030457,0.7559718529261676,,SPAIN,EU,NON CTA,C,0.7559718529261676,142.8786802030457,False,False,False
FR,CIA,2673,A,J,2024-12-04,16:00:00,197,I,T1,145.3950582010582,0.7380459807160314,Pax: Flight load factor is 20.9 percentage points lower than reference flight load factor,ITALY,EU,NON CTA,C,0.7380459807160314,145.3950582010582,True,False,False
FR,HAM,1517,A,J,2024-12-04,16:05:00,189,I,T1,162.62,0.8604232804232804,,GERMANY,EU,NON CTA,C,0.8604232804232804,162.62,False,False,False
FR,TFS,579,A,J,2024-12-04,16:10:00,189,I,T1,192.43395939086292,1.018169097306153,,SPAIN,EU,NON CTA,C,1.018169097306153,192.43395939086292,False,False,True
PC,SAW,1177,A,J,2024-12-04,16:10:00,240,I,T1,164.00095757329046,0.6833373232220435,Pax: 4 flights have been used for reference,TURKEY,NON EU,NON CTA,C,0.6833373232220435,164.00095757329046,True,False,False
FR,LPA,2843,A,J,2024-12-04,16:15:00,197,I,T1,156.993380952381,0.7969207154943198,Pax: 2 flights have been used for reference,SPAIN,EU,NON CTA,C,0.7969207154943198,156.993380952381,True,False,False
FR,PSA,587,A,J,2024-12-04,16:20:00,189,I,T1,170.23200000000003,0.9006984126984128,Pax: Flight # has changed from 585 to 587,ITALY,EU,NON CTA,C,0.9006984126984128,170.23200000000003,True,False,False
U2,EDI,315,A,J,2024-12-04,16:20:00,186,D,T1,189.26200000000003,1.0175376344086022,,GREAT BRITAIN,DOMESTIC,DOMESTIC,C,1.0175376344086022,189.26200000000003,False,False,True
FR,LDE,523,A,J,2024-12-04,16:45:00,189,I,T1,152.27373199102965,0.8056811216456595,Pax: 36 flights have been used for reference,FRANCE,EU,NON CTA,C,0.8056811216456595,152.27373199102965,True,False,False
FR,ALC,2587,A,J,2024-12-04,17:00:00,189,I,T1,175.82947208121828,0.930314667096393,,SPAIN,EU,NON CTA,C,0.930314667096393,175.82947208121828,False,False,False
FR,CTA,5058,A,J,2024-12-04,17:10:00,189,I,T1,170.57799999999997,0.9025291005291004,,ITALY,EU,NON CTA,C,0.9025291005291004,170.57799999999997,False,False,False
FR,AGP,8165,A,J,2024-12-04,17:10:00,197,I,T1,200.94,1.02,,SPAIN,EU,NON CTA,C,1.02,200.94,False,False,True
FR,SVQ,8364,A,J,2024-12-04,17:10:00,197,I,T1,179.2133544973545,0.909712459377434,Pax: Flight # has changed from 8362 to 8364,SPAIN,EU,NON CTA,C,0.909712459377434,179.2133544973545,True,False,False
RK,RAK,3557,A,J,2024-12-04,17:10:00,189,I,T1,160.19799999999998,0.8476084656084655,,MOROCCO,NON EU,NON CTA,C,0.8476084656084655,160.19799999999998,False,False,False
FR,TLL,2224,A,J,2024-12-04,17:15:00,189,I,T1,142.32367512690357,0.7530353181317648,,ESTONIA,EU,NON CTA,C,0.7530353181317648,142.32367512690357,False,False,False
FR,WMI,2282,A,J,2024-12-04,17:25:00,189,I,T1,173,0.9153439153439153,,POLAND,EU,NON CTA,C,0.9153439153439153,173,False,False,False
FR,SNN,92,A,J,2024-12-04,17:25:00,189,I,T1,156.78542131979694,0.8295524937555394,Pax: Flight load factor is 35.2 percentage points greater than reference flight load factor,IRISH REPUBLIC,EU,CTA,C,0.8295524937555394,156.78542131979694,True,False,False
FR,LCJ,2469,A,J,2024-12-04,17:30:00,189,I,T1,167.464,0.88605291005291,,POLAND,EU,NON CTA,C,0.88605291005291,167.464,False,False,False
FR,MRS,6542,A,J,2024-12-04,17:30:00,197,I,T1,159.40714285714287,0.8091733139956491,,FRANCE,EU,NON CTA,C,0.8091733139956491,159.40714285714287,False,False,False
LS,FUE,1452,A,J,2024-12-04,17:30:00,189,I,T1,147.742,0.7817037037037037,,SPAIN,EU,NON CTA,C,0.7817037037037037,147.742,False,False,False
FR,PRG,1375,A,J,2024-12-04,17:40:00,189,I,T1,175.422,0.9281587301587301,,CZECH REPUBLIC,EU,NON CTA,C,0.9281587301587301,175.422,False,False,False
LS,KAO,93C,A,P,2024-12-04,17:40:00,0,I,T1,0,0,,FINLAND,EU,NON CTA,C,0,0,False,True,False
EK,DXB,67,A,J,2024-12-04,17:45:00,442,I,T1,239.70220199327116,0.5423126741929212,,UNITED ARAB EMIRATES,NON EU,NON CTA,E,0.5423126741929212,239.70220199327116,False,False,False
FR,CIA,3003,A,J,2024-12-04,17:55:00,197,I,T1,126.4108253968254,0.6416793167351543,Pax: Flight load factor is 21.5 percentage points lower than reference flight load factor,ITALY,EU,NON CTA,C,0.6416793167351543,126.4108253968254,True,False,False
FR,SZG,305,A,J,2024-12-04,17:55:00,197,I,T1,186.09307936507938,0.9446349206349207,,AUSTRIA,EU,NON CTA,C,0.9446349206349207,186.09307936507938,False,False,False
FR,ZAG,2189,A,J,2024-12-04,18:00:00,186,I,T1,184.64866666666668,0.9927347670250897,,CROATIA,EU,NON CTA,C,0.9927347670250897,184.64866666666668,False,False,False
FR,FMM,2405,A,J,2024-12-04,18:00:00,189,I,T1,158.12199999999999,0.8366243386243385,,GERMANY,EU,NON CTA,C,0.8366243386243385,158.12199999999999,False,False,False
FR,LUX,2861,A,J,2024-12-04,18:05:00,197,I,T1,152.80930247544947,0.7756817384540582,Pax: 29 flights have been used for reference,LUXEMBOURG,EU,NON CTA,C,0.7756817384540582,152.80930247544947,True,False,False
ZT,LPL,527P,A,P,2024-12-04,18:10:00,0,D,T1,0,0,,GREAT BRITAIN,DOMESTIC,DOMESTIC,C,0,0,False,True,False
FR,RIX,2643,A,J,2024-12-04,18:20:00,197,I,T1,194.8080687830688,0.988873445599334,Pax: 2 flights have been used for reference,LATVIA,EU,NON CTA,C,0.988873445599334,194.8080687830688,True,False,False
FR,REG,5410,A,J,2024-12-04,18:25:00,189,I,T1,134.2099511355009,0.7101055615634968,Pax: 32 flights have been used for reference,ITALY,EU,NON CTA,C,0.7101055615634968,134.2099511355009,True,False,False
FR,HHN,1748,A,J,2024-12-04,18:35:00,189,I,T1,162.5865035091741,0.8602460503130904,Pax: 2 flights have been used for reference,GERMANY,EU,NON CTA,C,0.8602460503130904,162.5865035091741,True,False,False
FR,CPH,7383,A,J,2024-12-04,18:45:00,189,I,T1,181.32270087804875,0.9593793697251257,Pax: 2 flights have been used for reference,DENMARK,EU,NON CTA,C,0.9593793697251257,181.32270087804875,True,False,False
FR,MAD,5995,A,J,2024-12-04,18:50:00,189,I,T1,186.5747918781726,0.9871682109956222,,SPAIN,EU,NON CTA,C,0.9871682109956222,186.5747918781726,False,False,False
EC,AMS,7843,A,J,2024-12-04,19:00:00,195,I,T1,198.9,1.02,Pax: Seat capacity is 86 seats more than reference flight seat capacity; Pax: Flight load factor is 35.0 percentage points lower than reference flight load factor,NETHERLANDS,EU,NON CTA,C,1.02,198.9,True,False,True
FR,BSL,4181,A,J,2024-12-04,19:00:00,189,I,T1,146.29978673393668,0.7740729456822046,Pax: 31 flights have been used for reference,SWITZERLAND,NON EU,NON CTA,C,0.7740729456822046,146.29978673393668,True,False,False
FR,KRK,2433,A,J,2024-12-04,19:00:00,197,I,T1,161.78703703703704,0.8212539951118631,Pax: Flight # has changed from 2435 to 2433,POLAND,EU,NON CTA,C,0.8212539951118631,161.78703703703704,True,False,False
FR,DUB,255,A,J,2024-12-04,19:00:00,189,I,T1,183.8665076142132,0.9728386646254666,Pax: Flight # has changed from 211 to 255,IRISH REPUBLIC,EU,CTA,C,0.9728386646254666,183.8665076142132,True,False,False
FR,MLA,4207,A,J,2024-12-04,19:10:00,189,I,T1,192.78,1.02,,MALTA,EU,NON CTA,C,1.02,192.78,False,False,True
FR,SZZ,2467,A,J,2024-12-04,19:10:00,189,I,T1,157.77599999999998,0.8347936507936508,,POLAND,EU,NON CTA,C,0.8347936507936508,157.77599999999998,False,False,False
FR,CGN,2813,A,J,2024-12-04,19:20:00,197,I,T1,188.96908994708997,0.959233959122284,,GERMANY,EU,NON CTA,C,0.959233959122284,188.96908994708997,False,False,False
FR,PMO,3919,A,J,2024-12-04,19:30:00,197,I,T1,200.94,1.02,Pax: 26 flights have been used for reference,ITALY,EU,NON CTA,C,1.02,200.94,True,False,True
FR,VIE,731,A,J,2024-12-04,19:35:00,189,I,T1,172.49589151103567,0.9126766746615643,,AUSTRIA,EU,NON CTA,C,0.9126766746615643,172.49589151103567,False,False,False
U2,BFS,45,A,J,2024-12-04,19:40:00,186,D,T1,132.17732307692307,0.7106307692307693,Pax: Flight load factor is 24.3 percentage points greater than reference flight load factor,GREAT BRITAIN,DOMESTIC,DOMESTIC,C,0.7106307692307693,132.17732307692307,True,False,False
FR,BUD,2517,A,J,2024-12-04,19:40:00,189,I,T1,169.54000000000002,0.8970370370370371,,HUNGARY,EU,NON CTA,C,0.8970370370370371,169.54000000000002,False,False,False
LS,TFS,1536,A,J,2024-12-04,20:00:00,189,I,T1,178.882,0.9464656084656085,Pax: Flight # has changed from 1664 to 1536,SPAIN,EU,NON CTA,C,0.9464656084656085,178.882,True,False,False
U2,EDI,317,A,J,2024-12-04,20:10:00,186,D,T1,163.65800000000002,0.8798817204301076,,GREAT BRITAIN,DOMESTIC,DOMESTIC,C,0.8798817204301076,163.65800000000002,False,False,False
FR,ORK,902,A,J,2024-12-04,20:15:00,189,I,T1,164.66087309644672,0.8712215507748503,Pax: Flight # has changed from 906 to 902; Pax: Flight load factor is 26.3 percentage points greater than reference flight load factor,IRISH REPUBLIC,EU,CTA,C,0.8712215507748503,164.66087309644672,True,False,False
FR,LIS,1885,A,J,2024-12-04,20:15:00,189,I,T1,187.55209032258065,0.9923391022358764,,PORTUGAL,EU,NON CTA,C,0.9923391022358764,187.55209032258065,False,False,False
RK,VNO,542,A,J,2024-12-04,20:20:00,189,I,T1,151.202,0.800010582010582,Pax: 2 flights have been used for reference,LITHUANIA,EU,NON CTA,C,0.800010582010582,151.202,True,False,False
FR,TRN,467,A,J,2024-12-04,20:20:00,197,I,T1,200.94,1.02,Pax: 2 flights have been used for reference,ITALY,EU,NON CTA,C,1.02,200.94,True,False,True
U2,GLA,415,A,J,2024-12-04,20:35:00,156,D,T1,135.33064516129033,0.867504135649297,,GREAT BRITAIN,DOMESTIC,DOMESTIC,C,0.867504135649297,135.33064516129033,False,False,False
FR,BGY,2739,A,J,2024-12-04,20:40:00,197,I,T1,200.64521693121696,1.0185036392447562,Pax: Flight # has changed from 4188 to 2739,ITALY,EU,NON CTA,C,1.0185036392447562,200.64521693121696,True,False,True
LS,PFO,1526,A,J,2024-12-04,20:55:00,189,I,T1,105.184,0.5565291005291005,,CYPRUS,EU,NON CTA,C,0.5565291005291005,105.184,False,False,False
FR,BRE,3633,A,J,2024-12-04,21:00:00,189,I,T1,159.66456252758564,0.8447860451195007,Pax: 24 flights have been used for reference,GERMANY,EU,NON CTA,C,0.8447860451195007,159.66456252758564,True,False,False
RK,TRF,33,A,J,2024-12-04,21:05:00,189,I,T1,97.918,0.5180846560846561,Pax: 4 flights have been used for reference,NORWAY,NON EU,NON CTA,C,0.5180846560846561,97.918,True,False,False
FR,BCN,9015,A,J,2024-12-04,21:10:00,197,I,T1,179.24081481481483,0.9098518518518519,,SPAIN,EU,NON CTA,C,0.9098518518518519,179.24081481481483,False,False,False
FR,TFS,2424,A,J,2024-12-04,21:20:00,189,I,T1,151.88521827411168,0.8036254935138184,Pax: Flight # has changed from 2529 to 2424,SPAIN,EU,NON CTA,C,0.8036254935138184,151.88521827411168,True,False,False
RK,BLL,5173,A,J,2024-12-04,21:35:00,189,I,T1,162.41303403141362,0.8593282223884318,Pax: 4 flights have been used for reference,DENMARK,EU,NON CTA,C,0.8593282223884318,162.41303403141362,True,False,False
FR,CIA,3005,A,J,2024-12-04,21:45:00,197,I,T1,162.10191534391532,0.8228523621518544,,ITALY,EU,NON CTA,C,0.8228523621518544,162.10191534391532,False,False,False
FR,DUB,272,A,J,2024-12-04,22:00:00,189,I,T1,184.85357360406093,0.9780612360003224,,IRISH REPUBLIC,EU,CTA,C,0.9780612360003224,184.85357360406093,False,False,False
RK,TIA,8321,A,J,2024-12-04,22:00:00,189,I,T1,166.772,0.8823915343915344,Pax: Flight # has changed from 8291 to 8321,ALBANIA,NON EU,NON CTA,C,0.8823915343915344,166.772,True,False,False
PC,SAW,1173,A,J,2024-12-04,22:15:00,240,I,T1,136.35729707112972,0.5681554044630405,Pax: Flight # has changed from 1169 to 1173,TURKEY,NON EU,NON CTA,C,0.5681554044630405,136.35729707112972,True,False,False
FR,RVN,9829,A,J,2024-12-04,22:15:00,197,I,T1,169.24525925925926,0.8591129911637526,,FINLAND,EU,NON CTA,C,0.8591129911637526,169.24525925925926,False,False,False
FR,BER,146,A,J,2024-12-04,22:25:00,189,I,T1,177.1010659898477,0.9370426771949615,Pax: Flight # has changed from 177 to 146,GERMANY,EU,NON CTA,C,0.9370426771949615,177.1010659898477,True,False,False
FR,KTW,8267,A,J,2024-12-04,22:30:00,197,I,T1,119.95032804232805,0.608884913920447,,POLAND,EU,NON CTA,C,0.608884913920447,119.95032804232805,False,False,False
FR,WRO,8408,A,J,2024-12-04,22:45:00,197,I,T1,165.91706878306877,0.8422186232643085,,POLAND,EU,NON CTA,C,0.8422186232643085,165.91706878306877,False,False,False
FR,OTP,3847,A,J,2024-12-04,22:45:00,197,I,T1,120.57276190476195,0.6120444766739185,,ROMANIA,EU,NON CTA,C,0.6120444766739185,120.57276190476195,False,False,False
FR,ZAZ,2566,A,J,2024-12-04,22:55:00,189,I,T1,93.15691229283158,0.49289371583508773,Pax: 27 flights have been used for reference,SPAIN,EU,NON CTA,C,0.49289371583508773,93.15691229283158,True,False,False
FR,FUE,3019,A,J,2024-12-04,22:55:00,197,I,T1,121.94760846560847,0.619023393226439,Pax: Flight # has changed from 610 to 3019,SPAIN,EU,NON CTA,C,0.619023393226439,121.94760846560847,True,False,False
FR,OPO,1276,A,J,2024-12-04,23:20:00,197,I,T1,194.96825396825398,0.9896865683667715,Pax: Flight # has changed from 7699 to 1276,PORTUGAL,EU,NON CTA,C,0.9896865683667715,194.96825396825398,True,False,False
FR,GDN,592,A,J,2024-12-04,23:20:00,189,I,T1,117.47314720812184,0.6215510434292161,Pax: 2 flights have been used for reference,POLAND,EU,NON CTA,C,0.6215510434292161,117.47314720812184,True,False,False
RK,RAK,7869,A,J,2024-12-04,23:20:00,189,I,T1,108.64399999999999,0.5748359788359788,,MOROCCO,NON EU,NON CTA,C,0.5748359788359788,108.64399999999999,False,False,False
FR,BDS,2476,A,J,2024-12-04,23:20:00,189,I,T1,174.85869628594514,0.925178287227223,Pax: 24 flights have been used for reference,ITALY,EU,NON CTA,C,0.925178287227223,174.85869628594514,True,False,False
FR,VNO,5367,A,J,2024-12-04,23:25:00,197,I,T1,61.48731216931219,0.31211833588483345,Pax: Flight # has changed from 542 to 5367; Pax: Flight load factor is 65.6 percentage points lower than reference flight load factor,LITHUANIA,EU,NON CTA,C,0.31211833588483345,61.48731216931219,True,False,False
FR,TFS,2529,A,J,2024-12-04,23:30:00,197,I,T1,122.22221164021165,0.6204173179706175,Pax: Flight load factor is 26.8 percentage points lower than reference flight load factor,SPAIN,EU,NON CTA,C,0.6204173179706175,122.22221164021165,True,False,False
FR,DBV,5966,A,J,2024-12-04,23:35:00,197,I,T1,119.7717838014986,0.6079785979771503,Pax: 23 flights have been used for reference,CROATIA,EU,NON CTA,C,0.6079785979771503,119.7717838014986,True,False,False
FR,ALC,6646,A,J,2024-12-04,23:45:00,189,I,T1,168.02640155559195,0.8890285796592167,,SPAIN,EU,NON CTA,C,0.8890285796592167,168.02640155559195,False,False,False
RK,AGA,3034,A,J,2024-12-04,23:50:00,189,I,T1,129.0000324637681,0.6825398543056513,Pax: 3 flights have been used for reference,MOROCCO,NON EU,NON CTA,C,0.6825398543056513,129.0000324637681,True,False,False
FR,RZE,2135,A,J,2024-12-04,23:50:00,189,I,T1,128.64174619289344,0.6806441597507589,,POLAND,EU,NON CTA,C,0.6806441597507589,128.64174619289344,False,False,False
RK,EDI,1274,A,J,2024-12-04,23:55:00,189,D,T1,172.654,0.9135132275132275,,GREAT BRITAIN,DOMESTIC,DOMESTIC,C,0.9135132275132275,172.654,False,False,False
FR,ATH,52,A,J,2024-12-04,23:55:00,189,I,T1,157.30881218274112,0.8323217575806409,,GREECE,EU,NON CTA,C,0.8323217575806409,157.30881218274112,False,False,False
RK,BFS,129,D,J,2024-12-04,05:55:00,189,D,T1,77.12899999999999,0.40808994708994706,,GREAT BRITAIN,DOMESTIC,DOMESTIC,C,0.40808994708994706,77.12899999999999,False,False,False
FR,ACE,250,D,J,2024-12-04,05:55:00,197,I,T1,91.68543915343916,0.4654083205758333,Pax: Flight load factor is 23.8 percentage points lower than reference flight load factor,SPAIN,EU,INTERNATIONAL,C,0.4654083205758333,91.68543915343916,True,False,False
FR,BUD,1658,D,J,2024-12-04,05:55:00,197,I,T1,175.81290476190478,0.8924512932076384,Pax: Flight # has changed from 2516 to 1658,HUNGARY,EU,INTERNATIONAL,C,0.8924512932076384,175.81290476190478,True,False,False
RK,TIA,8288,D,J,2024-12-04,05:55:00,189,I,T1,106.096,0.5613544973544974,,ALBANIA,NON EU,INTERNATIONAL,C,0.5613544973544974,106.096,False,False,False
FR,LIS,1080,D,J,2024-12-04,06:15:00,197,I,T1,164.2552804232804,0.8337831493567534,,PORTUGAL,EU,INTERNATIONAL,C,0.8337831493567534,164.2552804232804,False,False,False
FR,CIA,2455,D,J,2024-12-04,06:15:00,197,I,T1,30.499645502645496,0.15482053554642383,,ITALY,EU,INTERNATIONAL,C,0.15482053554642383,30.499645502645496,False,False,False
FR,BGY,2696,D,J,2024-12-04,06:20:00,197,I,T1,99.97649735449735,0.5074949104289206,Pax: Flight load factor is 22.7 percentage points greater than reference flight load factor,ITALY,EU,INTERNATIONAL,C,0.5074949104289206,99.97649735449735,True,False,False
FR,BRI,1905,D,J,2024-12-04,06:20:00,197,I,T1,114.67327513227512,0.5820978433110412,Pax: Flight load factor is 27.5 percentage points lower than reference flight load factor,ITALY,EU,INTERNATIONAL,C,0.5820978433110412,114.67327513227512,True,False,False
FR,HEL,2344,D,J,2024-12-04,06:20:00,197,I,T1,182.876,0.9283045685279188,,FINLAND,EU,INTERNATIONAL,C,0.9283045685279188,182.876,False,False,False
FR,TFS,578,D,J,2024-12-04,06:25:00,189,I,T1,120.82131979695428,0.6392662423119274,,SPAIN,EU,INTERNATIONAL,C,0.6392662423119274,120.82131979695428,False,False,False
RK,BJV,7056,D,J,2024-12-04,06:30:00,189,I,T1,154.69424999999998,0.8184880952380952,Pax: 4 flights have been used for reference,TURKEY,NON EU,INTERNATIONAL,C,0.8184880952380952,154.69424999999998,True,False,False
FR,DUB,203,D,J,2024-12-04,06:30:00,189,I,T1,188.5393693548387,0.9975628008192524,Pax: Flight load factor is 39.8 percentage points greater than reference flight load factor,IRISH REPUBLIC,EU,INTERNATIONAL,C,0.9975628008192524,188.5393693548387,True,False,False
FR,SOF,1730,D,J,2024-12-04,06:30:00,189,I,T1,192.78,1.02,Pax: Flight load factor is 28.9 percentage points greater than reference flight load factor,BULGARIA,EU,INTERNATIONAL,C,1.02,192.78,True,False,True
FR,FUE,609,D,J,2024-12-04,06:40:00,189,I,T1,87.51927918781725,0.4630649692477103,,SPAIN,EU,INTERNATIONAL,C,0.4630649692477103,87.51927918781725,False,False,False
FR,SKG,2567,D,J,2024-12-04,06:40:00,197,I,T1,168.93077248677247,0.8575166116079821,,GREECE,EU,INTERNATIONAL,C,0.8575166116079821,168.93077248677247,False,False,False
FR,LPA,2842,D,J,2024-12-04,06:50:00,197,I,T1,98.76699999999998,0.5013553299492385,,SPAIN,EU,INTERNATIONAL,C,0.5013553299492385,98.76699999999998,False,False,False
FR,EIN,2534,D,J,2024-12-04,06:50:00,189,I,T1,50.60499999999999,0.2677513227513227,,NETHERLANDS,EU,INTERNATIONAL,C,0.2677513227513227,50.60499999999999,False,False,False
FR,VCE,792,D,J,2024-12-04,06:55:00,197,I,T1,192.4171798941799,0.9767369537775629,Pax: Flight load factor is 31.5 percentage points greater than reference flight load factor,ITALY,EU,INTERNATIONAL,C,0.9767369537775629,192.4171798941799,True,False,False
FR,GOA,972,D,J,2024-12-04,07:05:00,189,I,T1,107.63756975936943,0.5695109511077747,Pax: 41 flights have been used for reference,ITALY,EU,INTERNATIONAL,C,0.5695109511077747,107.63756975936943,True,False,False
FR,NOC,805,D,J,2024-12-04,07:10:00,189,I,T1,98.41799999999999,0.5207301587301587,,IRISH REPUBLIC,EU,INTERNATIONAL,C,0.5207301587301587,98.41799999999999,False,False,False
FR,POZ,1750,D,J,2024-12-04,07:15:00,189,I,T1,181.47999999999996,0.9602116402116401,,POLAND,EU,INTERNATIONAL,C,0.9602116402116401,181.47999999999996,False,False,False
FR,PRG,1013,D,J,2024-12-04,07:25:00,189,I,T1,170.28444736842107,0.9009759120022278,,CZECH REPUBLIC,EU,INTERNATIONAL,C,0.9009759120022278,170.28444736842107,False,False,False
FR,BER,145,D,J,2024-12-04,07:25:00,189,I,T1,184.27199999999996,0.9749841269841268,,GERMANY,EU,INTERNATIONAL,C,0.9749841269841268,184.27199999999996,False,False,False
FR,RIX,1137,D,J,2024-12-04,07:25:00,189,I,T1,174.15099999999998,0.9214338624338624,,LATVIA,EU,INTERNATIONAL,C,0.9214338624338624,174.15099999999998,False,False,False
QY,BRU,202P,D,P,2024-12-04,07:35:00,0,I,T1,0,0,,BELGIUM,EU,INTERNATIONAL,D,0,0,False,True,False
FR,MAD,2628,D,J,2024-12-04,07:40:00,197,I,T1,155.3234656084656,0.7884439878602315,,SPAIN,EU,INTERNATIONAL,C,0.7884439878602315,155.3234656084656,False,False,False
RK,EDI,596,D,J,2024-12-04,07:45:00,189,D,T1,175.547,0.9288201058201058,,GREAT BRITAIN,DOMESTIC,DOMESTIC,C,0.9288201058201058,175.547,False,False,False
U2,BFS,38,D,J,2024-12-04,07:50:00,195,D,T1,128.16180645161288,0.6572400330851943,Pax: Flight load factor is 31.9 percentage points greater than reference flight load factor,GREAT BRITAIN,DOMESTIC,DOMESTIC,C,0.6572400330851943,128.16180645161288,True,False,False
FR,CGN,2352,D,J,2024-12-04,07:50:00,189,I,T1,172.755,0.914047619047619,,GERMANY,EU,INTERNATIONAL,C,0.914047619047619,172.755,False,False,False
FR,PMI,27,D,J,2024-12-04,07:50:00,186,I,T1,58.61150317460318,0.3151156084656085,Pax: Flight load factor is 35.2 percentage points lower than reference flight load factor,SPAIN,EU,INTERNATIONAL,C,0.3151156084656085,58.61150317460318,True,False,False
FR,OTP,1005,D,J,2024-12-04,07:50:00,189,I,T1,190.263461928934,1.0066849837509735,,ROMANIA,EU,INTERNATIONAL,C,1.0066849837509735,190.263461928934,False,False,True
LS,FUE,1451,D,J,2024-12-04,07:55:00,189,I,T1,136.808,0.7238518518518517,,SPAIN,EU,INTERNATIONAL,C,0.7238518518518517,136.808,False,False,False
FR,WRO,8405,D,J,2024-12-04,07:55:00,197,I,T1,200.94,1.02,,POLAND,EU,INTERNATIONAL,C,1.02,200.94,False,False,True
FR,KUN,2746,D,J,2024-12-04,08:00:00,197,I,T1,148.77556084656084,0.7552058926221362,Pax: Flight load factor is 20.9 percentage points lower than reference flight load factor,LITHUANIA,EU,INTERNATIONAL,C,0.7552058926221362,148.77556084656084,True,False,False
FR,ARN,4693,D,J,2024-12-04,08:00:00,189,I,T1,183.61474619289336,0.9715065936131925,,SWEDEN,EU,INTERNATIONAL,C,0.9715065936131925,183.61474619289336,False,False,False
FR,BLL,5164,D,J,2024-12-04,08:05:00,189,I,T1,116.21699999999997,0.6149047619047617,Pax: Flight load factor is 30.0 percentage points lower than reference flight load factor,DENMARK,EU,INTERNATIONAL,C,0.6149047619047617,116.21699999999997,True,False,False
FR,GDN,533,D,J,2024-12-04,08:05:00,189,I,T1,153.56,0.8124867724867725,,POLAND,EU,INTERNATIONAL,C,0.8124867724867725,153.56,False,False,False
FR,DUB,205,D,J,2024-12-04,08:15:00,189,I,T1,192.29899999999995,1.0174550264550262,Pax: Flight load factor is 24.5 percentage points greater than reference flight load factor,IRISH REPUBLIC,EU,INTERNATIONAL,C,1.0174550264550262,192.29899999999995,True,False,True
FR,KRK,2362,D,J,2024-12-04,08:20:00,197,I,T1,186.78886243386242,0.9481668143850884,,POLAND,EU,INTERNATIONAL,C,0.9481668143850884,186.78886243386242,False,False,False
FR,CPH,2618,D,J,2024-12-04,08:20:00,189,I,T1,156.47423857868017,0.827906024225821,,DENMARK,EU,INTERNATIONAL,C,0.827906024225821,156.47423857868017,False,False,False
FR,AGP,8162,D,J,2024-12-04,08:25:00,189,I,T1,113.99721827411166,0.6031598850482098,,SPAIN,EU,INTERNATIONAL,C,0.6031598850482098,113.99721827411166,False,False,False
FR,ATH,15,D,J,2024-12-04,08:25:00,189,I,T1,128.43200000000002,0.6795343915343915,,GREECE,EU,INTERNATIONAL,C,0.6795343915343915,128.43200000000002,False,False,False
FR,MXP,2757,D,J,2024-12-04,08:30:00,197,I,T1,173.96449735449733,0.8830685144898341,Pax: Flight load factor is 44.9 percentage points greater than reference flight load factor,ITALY,EU,INTERNATIONAL,C,0.8830685144898341,173.96449735449733,True,False,False
FR,CIA,2672,D,J,2024-12-04,08:30:00,197,I,T1,59.04193650793648,0.2997052614616065,Pax: Flight load factor is 39.9 percentage points lower than reference flight load factor,ITALY,EU,INTERNATIONAL,C,0.2997052614616065,59.04193650793648,True,False,False
FR,NAP,1474,D,J,2024-12-04,08:40:00,189,I,T1,147.08844162436546,0.7782457228802405,,ITALY,EU,INTERNATIONAL,C,0.7782457228802405,147.08844162436546,False,False,False
FR,SVQ,8361,D,J,2024-12-04,08:45:00,197,I,T1,119.09024867724867,0.6045190288185212,,SPAIN,EU,INTERNATIONAL,C,0.6045190288185212,119.09024867724867,False,False,False
FR,ALC,2505,D,J,2024-12-04,08:50:00,189,I,T1,144.6058679539433,0.7651104124547264,Pax: 2 flights have been used for reference,SPAIN,EU,INTERNATIONAL,C,0.7651104124547264,144.6058679539433,True,False,False
U2,EDI,310,D,J,2024-12-04,08:50:00,186,D,T1,179.3537846153846,0.9642676592224979,,GREAT BRITAIN,DOMESTIC,DOMESTIC,C,0.9642676592224979,179.3537846153846,False,False,False
U2,GLA,412,D,J,2024-12-04,09:05:00,156,D,T1,110.78836129032256,0.7101818031430933,,GREAT BRITAIN,DOMESTIC,DOMESTIC,C,0.7101818031430933,110.78836129032256,False,False,False
FR,TLS,281,D,J,2024-12-04,09:10:00,189,I,T1,173.802,0.9195873015873015,Pax: Flight # has changed from 295 to 281,FRANCE,EU,INTERNATIONAL,C,0.9195873015873015,173.802,True,False,False
LS,KAO,2183,D,C,2024-12-04,09:15:00,189,I,T1,117.43849999999998,0.6213677248677247,Pax: 3 flights have been used for reference,FINLAND,EU,INTERNATIONAL,C,0.6213677248677247,117.43849999999998,True,False,False
FR,PFO,3131,D,J,2024-12-04,09:20:00,189,I,T1,118.74503553299493,0.6282806112856875,,CYPRUS,EU,INTERNATIONAL,C,0.6282806112856875,118.74503553299493,False,False,False
RK,RAK,3556,D,J,2024-12-04,09:25:00,189,I,T1,192.78,1.02,,MOROCCO,NON EU,INTERNATIONAL,C,1.02,192.78,False,False,True
RK,BCN,8214,D,J,2024-12-04,09:25:00,189,I,T1,169.7098666536636,0.8979358024003365,Pax: 9 flights have been used for reference,SPAIN,EU,INTERNATIONAL,C,0.8979358024003365,169.7098666536636,True,False,False
FR,OPO,1261,D,J,2024-12-04,09:45:00,197,I,T1,172.70144973544976,0.8766571052560901,,PORTUGAL,EU,INTERNATIONAL,C,0.8766571052560901,172.70144973544976,False,False,False
FR,EIN,2537,D,J,2024-12-04,09:45:00,197,I,T1,128.7754603174603,0.6536825396825396,Pax: Flight # has changed from 2534 to 2537; Pax: Flight load factor is 22.0 percentage points greater than reference flight load factor,NETHERLANDS,EU,INTERNATIONAL,C,0.6536825396825396,128.7754603174603,True,False,False
FR,SZY,228,D,J,2024-12-04,09:45:00,189,I,T1,136.36694327577476,0.7215182183903426,Pax: 38 flights have been used for reference,POLAND,EU,INTERNATIONAL,C,0.7215182183903426,136.36694327577476,True,False,False
LS,TFS,1535,D,J,2024-12-04,09:50:00,189,I,T1,145.88199999999998,0.7718624338624338,Pax: Flight # has changed from 1663 to 1535,SPAIN,EU,INTERNATIONAL,C,0.7718624338624338,145.88199999999998,True,False,False
FR,TAT,4716,D,J,2024-12-04,10:00:00,189,I,T1,110.09089847715735,0.5824915263341659,Pax: Flight load factor is 23.0 percentage points lower than reference flight load factor,SLOVAKIA,EU,INTERNATIONAL,C,0.5824915263341659,110.09089847715735,True,False,False
FR,FAO,5552,D,J,2024-12-04,10:10:00,189,I,T1,142.04299999999998,0.7515502645502644,,PORTUGAL,EU,INTERNATIONAL,C,0.7515502645502644,142.04299999999998,False,False,False
FR,CTA,5059,D,J,2024-12-04,10:10:00,189,I,T1,165.92558375634513,0.8779131415679637,,ITALY,EU,INTERNATIONAL,C,0.8779131415679637,165.92558375634513,False,False,False
FR,CIA,2510,D,J,2024-12-04,10:25:00,197,I,T1,108.05889417989415,0.5485223054816962,Pax: Flight # has changed from 2672 to 2510,ITALY,EU,INTERNATIONAL,C,0.5485223054816962,108.05889417989415,True,False,False
LS,PFO,1525,D,J,2024-12-04,10:30:00,189,I,T1,61.07500000000001,0.3231481481481482,,CYPRUS,EU,INTERNATIONAL,C,0.3231481481481482,61.07500000000001,False,False,False
PC,SAW,1170,D,J,2024-12-04,10:40:00,240,I,T1,211.670690376569,0.8819612099023709,Pax: Flight # has changed from 1162 to 1170,TURKEY,NON EU,INTERNATIONAL,C,0.8819612099023709,211.670690376569,True,False,False
OG,KEF,801,D,J,2024-12-04,11:00:00,195,I,T1,162.82354310344826,0.8349925287356321,Pax: Flight load factor is 20.4 percentage points greater than reference flight load factor,ICELAND,NON EU,INTERNATIONAL,C,0.8349925287356321,162.82354310344826,True,False,False
FR,ALC,2586,D,J,2024-12-04,11:05:00,189,I,T1,156.9809086294416,0.8305868181451936,,SPAIN,EU,INTERNATIONAL,C,0.8305868181451936,156.9809086294416,False,False,False
FR,TLL,2225,D,J,2024-12-04,11:05:00,189,I,T1,183.01772588832486,0.9683477560228828,,ESTONIA,EU,INTERNATIONAL,C,0.9683477560228828,183.01772588832486,False,False,False
FR,VIE,730,D,J,2024-12-04,11:10:00,186,I,T1,174.68613333333332,0.9391727598566307,,AUSTRIA,EU,INTERNATIONAL,C,0.9391727598566307,174.68613333333332,False,False,False
5F,RMO,548,D,J,2024-12-04,11:20:00,186,I,T1,76.70574253959782,0.41239646526665497,Pax: 39 flights have been used for reference,MOLDOVA,NON EU,INTERNATIONAL,C,0.41239646526665497,76.70574253959782,True,False,False
FR,NUE,7632,D,J,2024-12-04,11:30:00,189,I,T1,183.923,0.9731375661375661,,GERMANY,EU,INTERNATIONAL,C,0.9731375661375661,183.923,False,False,False
FR,PSA,584,D,J,2024-12-04,11:40:00,189,I,T1,179.03699999999998,0.9472857142857142,,ITALY,EU,INTERNATIONAL,C,0.9472857142857142,179.03699999999998,False,False,False
FR,GDN,545,D,J,2024-12-04,11:40:00,189,I,T1,171.34981578947364,0.906612781954887,,POLAND,EU,INTERNATIONAL,C,0.906612781954887,171.34981578947364,False,False,False
FR,TFS,2425,D,J,2024-12-04,11:55:00,189,I,T1,174.69664467005074,0.9243208712701098,Pax: Flight # has changed from 2530 to 2425,SPAIN,EU,INTERNATIONAL,C,0.9243208712701098,174.69664467005074,True,False,False
FR,BLQ,194,D,J,2024-12-04,11:55:00,197,I,T1,181.28241798941798,0.9202153197432384,,ITALY,EU,INTERNATIONAL,C,0.9202153197432384,181.28241798941798,False,False,False
U2,EDI,312,D,J,2024-12-04,12:05:00,186,D,T1,153.7345,0.8265295698924731,Pax: Flight # has changed from 314 to 312,GREAT BRITAIN,DOMESTIC,DOMESTIC,C,0.8265295698924731,153.7345,True,False,False
FR,MLA,4208,D,J,2024-12-04,12:05:00,189,I,T1,147.81832994923857,0.7821075658689872,,MALTA,EU,INTERNATIONAL,C,0.7821075658689872,147.81832994923857,False,False,False
FR,EIN,5681,D,J,2024-12-04,12:10:00,189,I,T1,186.07723350253804,0.9845356269975558,Pax: Flight # has changed from 2537 to 5681; Pax: Flight load factor is 29.1 percentage points greater than reference flight load factor,NETHERLANDS,EU,INTERNATIONAL,C,0.9845356269975558,186.07723350253804,True,False,False
FR,MAD,5994,D,J,2024-12-04,12:10:00,189,I,T1,167.69538578680203,0.887277173475143,,SPAIN,EU,INTERNATIONAL,C,0.887277173475143,167.69538578680203,False,False,False
FR,NTE,8503,D,J,2024-12-04,12:15:00,197,I,T1,154.55366783318752,0.7845363849400382,,FRANCE,EU,INTERNATIONAL,C,0.7845363849400382,154.55366783318752,False,False,False
FR,LDE,522,D,J,2024-12-04,12:20:00,189,I,T1,155.99363270306856,0.8253631359950717,Pax: 28 flights have been used for reference,FRANCE,EU,INTERNATIONAL,C,0.8253631359950717,155.99363270306856,True,False,False
FR,KTW,2471,D,J,2024-12-04,12:20:00,189,I,T1,192.78,1.02,,POLAND,EU,INTERNATIONAL,C,1.02,192.78,False,False,True
FR,RIX,2642,D,J,2024-12-04,12:30:00,197,I,T1,200.94,1.02,Pax: Flight # has changed from 1137 to 2642,LATVIA,EU,INTERNATIONAL,C,1.02,200.94,True,False,True
FR,LCJ,2468,D,J,2024-12-04,12:35:00,189,I,T1,192.78,1.02,,POLAND,EU,INTERNATIONAL,C,1.02,192.78,False,False,True
FR,HAM,1518,D,J,2024-12-04,12:40:00,189,I,T1,176.594,0.9343597883597884,,GERMANY,EU,INTERNATIONAL,C,0.9343597883597884,176.594,False,False,False
VF,SAW,1988,D,J,2024-12-04,12:45:00,220,I,T1,167.407002194327,0.7609409190651227,Pax: 3 flights have been used for reference,TURKEY,NON EU,INTERNATIONAL,C,0.7609409190651227,167.407002194327,True,False,False
PC,ADB,1532,D,J,2024-12-04,12:50:00,195,I,T1,134.08542473118277,0.6876175627240142,Pax: Flight # has changed from 1528 to 1532,TURKEY,NON EU,INTERNATIONAL,C,0.6876175627240142,134.08542473118277,True,False,False
PC,SAW,1162,D,J,2024-12-04,12:55:00,240,I,T1,206.66787029288702,0.8611161262203626,Pax: Flight # has changed from 1164 to 1162,TURKEY,NON EU,INTERNATIONAL,C,0.8611161262203626,206.66787029288702,True,False,False
FR,BCN,8230,D,J,2024-12-04,12:55:00,189,I,T1,179.73499999999999,0.9509788359788359,,SPAIN,EU,INTERNATIONAL,C,0.9509788359788359,179.73499999999999,False,False,False
FR,PSR,982,D,J,2024-12-04,13:00:00,189,I,T1,182.178,0.9639047619047619,,ITALY,EU,INTERNATIONAL,C,0.9639047619047619,182.178,False,False,False
FR,MRS,6541,D,J,2024-12-04,13:05:00,197,I,T1,141.97098412698412,0.7206648940456046,,FRANCE,EU,INTERNATIONAL,C,0.7206648940456046,141.97098412698412,False,False,False
FR,SZG,304,D,J,2024-12-04,13:30:00,197,I,T1,158.96857671957667,0.8069470899470897,,AUSTRIA,EU,INTERNATIONAL,C,0.8069470899470897,158.96857671957667,False,False,False
FR,DUB,210,D,J,2024-12-04,13:50:00,189,I,T1,174.849,0.925126984126984,Pax: Flight # has changed from 256 to 210,IRISH REPUBLIC,EU,INTERNATIONAL,C,0.925126984126984,174.849,True,False,False
FR,FUE,3018,D,J,2024-12-04,13:50:00,197,I,T1,92.79337566137566,0.47103236376332824,Pax: Flight # has changed from 609 to 3018,SPAIN,EU,INTERNATIONAL,C,0.47103236376332824,92.79337566137566,True,False,False
FR,BUD,2516,D,J,2024-12-04,13:50:00,189,I,T1,190.205,1.0063756613756614,Pax: Flight # has changed from 8199 to 2516,HUNGARY,EU,INTERNATIONAL,C,1.0063756613756614,190.205,True,False,True
XQ,GZT,743,D,J,2024-12-04,13:55:00,189,I,T1,160.32140035464366,0.8482613775377972,Pax: 42 flights have been used for reference,TURKEY,NON EU,INTERNATIONAL,C,0.8482613775377972,160.32140035464366,True,False,False
FR,TFS,2530,D,J,2024-12-04,13:55:00,197,I,T1,126.12749206349207,0.6402410764644267,Pax: Flight load factor is 21.2 percentage points lower than reference flight load factor,SPAIN,EU,INTERNATIONAL,C,0.6402410764644267,126.12749206349207,True,False,False
FR,VLC,643,D,J,2024-12-04,13:55:00,197,I,T1,149.60651322751323,0.7594239250127576,,SPAIN,EU,INTERNATIONAL,C,0.7594239250127576,149.60651322751323,False,False,False
ZT,EXT,655Y,D,P,2024-12-04,14:00:00,0,D,T1,0,0,,GREAT BRITAIN,DOMESTIC,DOMESTIC,C,0,0,False,True,False
EK,DXB,66,D,J,2024-12-04,14:05:00,442,I,T1,300.13467627118644,0.6790377291203313,,UNITED ARAB EMIRATES,NON EU,INTERNATIONAL,E,0.6790377291203313,300.13467627118644,False,False,False
FR,GOT,964,D,J,2024-12-04,14:20:00,189,I,T1,154.607,0.818026455026455,,SWEDEN,EU,INTERNATIONAL,C,0.818026455026455,154.607,False,False,False
RK,VNO,543,D,J,2024-12-04,14:20:00,189,I,T1,138.902,0.7349312169312169,Pax: 3 flights have been used for reference,LITHUANIA,EU,INTERNATIONAL,C,0.7349312169312169,138.902,True,False,False
FR,RVN,9828,D,J,2024-12-04,14:50:00,197,I,T1,185.1066455026455,0.9396276421454086,,FINLAND,EU,INTERNATIONAL,C,0.9396276421454086,185.1066455026455,False,False,False
FR,LUX,2860,D,J,2024-12-04,14:55:00,197,I,T1,168.91877269838884,0.857455698976593,Pax: 31 flights have been used for reference,LUXEMBOURG,EU,INTERNATIONAL,C,0.857455698976593,168.91877269838884,True,False,False
FR,SZZ,2466,D,J,2024-12-04,15:05:00,189,I,T1,160.191,0.8475714285714285,,POLAND,EU,INTERNATIONAL,C,0.8475714285714285,160.191,False,False,False
FR,CPH,7382,D,J,2024-12-04,15:15:00,189,I,T1,174.71156994818648,0.9243998409956957,Pax: 2 flights have been used for reference,DENMARK,EU,INTERNATIONAL,C,0.9243998409956957,174.71156994818648,True,False,False
FR,BSL,4182,D,J,2024-12-04,15:20:00,189,I,T1,132.41266469501173,0.7005961094974166,Pax: 30 flights have been used for reference,SWITZERLAND,NON EU,INTERNATIONAL,C,0.7005961094974166,132.41266469501173,True,False,False
RK,TIA,8322,D,J,2024-12-04,15:30:00,189,I,T1,106.445,0.5632010582010581,Pax: Flight # has changed from 8290 to 8322,ALBANIA,NON EU,INTERNATIONAL,C,0.5632010582010581,106.445,True,False,False
RK,RAK,7870,D,J,2024-12-04,15:35:00,189,I,T1,88.99499999999999,0.47087301587301583,,MOROCCO,NON EU,INTERNATIONAL,C,0.47087301587301583,88.99499999999999,False,False,False
FR,HHN,1749,D,J,2024-12-04,15:35:00,189,I,T1,149.837923857868,0.7927932479252274,,GERMANY,EU,INTERNATIONAL,C,0.7927932479252274,149.837923857868,False,False,False
U2,BFS,42,D,J,2024-12-04,15:40:00,186,D,T1,180.98066153846153,0.9730143093465674,,GREAT BRITAIN,DOMESTIC,DOMESTIC,C,0.9730143093465674,180.98066153846153,False,False,False
FR,OTP,1007,D,J,2024-12-04,15:45:00,197,I,T1,194.87495238095235,0.9892129562484892,Pax: Flight # has changed from 3846 to 1007,ROMANIA,EU,INTERNATIONAL,C,0.9892129562484892,194.87495238095235,True,False,False
RK,AGA,3033,D,J,2024-12-04,15:45:00,189,I,T1,123.3715,0.6527592592592593,Pax: 2 flights have been used for reference,MOROCCO,NON EU,INTERNATIONAL,C,0.6527592592592593,123.3715,True,False,False
VF,ESB,532,D,J,2024-12-04,15:45:00,197,I,T1,144.11715156926405,0.731559145021645,Pax: Airline has changed from TK to VF; Pax: Flight # has changed from 5591 to 532,TURKEY,NON EU,INTERNATIONAL,C,0.731559145021645,144.11715156926405,True,False,False
PC,SAW,1166,D,J,2024-12-04,15:50:00,195,I,T1,139.5284522221296,0.7155305242160492,Pax: 4 flights have been used for reference,TURKEY,NON EU,INTERNATIONAL,C,0.7155305242160492,139.5284522221296,True,False,False
VF,SAW,1990,D,J,2024-12-04,15:55:00,220,I,T1,185.20032295482295,0.8418196497946497,Pax: Airline has changed from TK to VF; Pax: Flight # has changed from 7821 to 1990,TURKEY,NON EU,INTERNATIONAL,C,0.8418196497946497,185.20032295482295,True,False,False
FR,TRN,466,D,J,2024-12-04,16:00:00,197,I,T1,188.9788835978836,0.9592836730857035,Pax: Flight # has changed from 464 to 466,ITALY,EU,INTERNATIONAL,C,0.9592836730857035,188.9788835978836,True,False,False
FR,CAG,2687,D,J,2024-12-04,16:05:00,189,I,T1,151.815,0.8032539682539682,,ITALY,EU,INTERNATIONAL,C,0.8032539682539682,151.815,False,False,False
FR,ATH,53,D,J,2024-12-04,16:05:00,189,I,T1,144.4487969543147,0.7642793489646281,,GREECE,EU,INTERNATIONAL,C,0.7642793489646281,144.4487969543147,False,False,False
FR,CIA,3002,D,J,2024-12-04,16:10:00,197,I,T1,142.22765608465608,0.7219677973840409,,ITALY,EU,INTERNATIONAL,C,0.7219677973840409,142.22765608465608,False,False,False
RK,TRF,32,D,J,2024-12-04,16:40:00,189,I,T1,124.59299999999999,0.6592222222222222,Pax: 3 flights have been used for reference,NORWAY,NON EU,INTERNATIONAL,C,0.6592222222222222,124.59299999999999,True,False,False
FR,PSA,586,D,J,2024-12-04,16:45:00,189,I,T1,184.62099999999998,0.9768306878306877,Pax: Flight # has changed from 584 to 586,ITALY,EU,INTERNATIONAL,C,0.9768306878306877,184.62099999999998,True,False,False
U2,EDI,316,D,J,2024-12-04,16:50:00,186,D,T1,173.9765,0.9353575268817204,,GREAT BRITAIN,DOMESTIC,DOMESTIC,C,0.9353575268817204,173.9765,False,False,False
FR,BDS,2475,D,J,2024-12-04,16:50:00,189,I,T1,171.05558275270138,0.9050559934005364,Pax: 40 flights have been used for reference,ITALY,EU,INTERNATIONAL,C,0.9050559934005364,171.05558275270138,True,False,False
FR,ORK,901,D,J,2024-12-04,17:00:00,189,I,T1,168.2268578680203,0.8900891950688904,Pax: Flight # has changed from 905 to 901,IRISH REPUBLIC,EU,INTERNATIONAL,C,0.8900891950688904,168.2268578680203,True,False,False
FR,VNO,5366,D,J,2024-12-04,17:20:00,197,I,T1,156.30214285714285,0.7934118926758521,Pax: Flight # has changed from 543 to 5366,LITHUANIA,EU,INTERNATIONAL,C,0.7934118926758521,156.30214285714285,True,False,False
FR,KTW,8266,D,J,2024-12-04,17:25:00,197,I,T1,185.42610052910052,0.9412492412644696,,POLAND,EU,INTERNATIONAL,C,0.9412492412644696,185.42610052910052,False,False,False
PC,SAW,1178,D,J,2024-12-04,17:25:00,240,I,T1,136.76175582939803,0.5698406492891585,Pax: 4 flights have been used for reference,TURKEY,NON EU,INTERNATIONAL,C,0.5698406492891585,136.76175582939803,True,False,False
FR,DBV,5967,D,J,2024-12-04,17:30:00,197,I,T1,118.45139265304252,0.6012761048377793,Pax: 36 flights have been used for reference,CROATIA,EU,INTERNATIONAL,C,0.6012761048377793,118.45139265304252,True,False,False
FR,AGP,8164,D,J,2024-12-04,17:35:00,197,I,T1,200.94,1.02,,SPAIN,EU,INTERNATIONAL,C,1.02,200.94,False,False,True
FR,BRE,3634,D,J,2024-12-04,17:45:00,189,I,T1,168.86669021200072,0.8934745513862472,Pax: 32 flights have been used for reference,GERMANY,EU,INTERNATIONAL,C,0.8934745513862472,168.86669021200072,True,False,False
FR,ALC,8286,D,J,2024-12-04,17:50:00,189,I,T1,97.95095890781069,0.5182590418402682,Pax: Flight # has changed from 6647 to 8286; Pax: Flight load factor is 21.0 percentage points lower than reference flight load factor,SPAIN,EU,INTERNATIONAL,C,0.5182590418402682,97.95095890781069,True,False,False
FR,WMI,2281,D,J,2024-12-04,17:50:00,189,I,T1,190.55399999999997,1.0082222222222221,,POLAND,EU,INTERNATIONAL,C,1.0082222222222221,190.55399999999997,False,False,True
FR,SVQ,8363,D,J,2024-12-04,17:50:00,197,I,T1,102.82389417989415,0.5219487014207825,Pax: Flight # has changed from 8361 to 8363; Pax: Flight load factor is 26.1 percentage points lower than reference flight load factor,SPAIN,EU,INTERNATIONAL,C,0.5219487014207825,102.82389417989415,True,False,False
RK,BLL,5172,D,J,2024-12-04,18:00:00,189,I,T1,180.04873834196889,0.9526388272061846,Pax: 2 flights have been used for reference,DENMARK,EU,INTERNATIONAL,C,0.9526388272061846,180.04873834196889,True,False,False
FR,OPO,1275,D,J,2024-12-04,18:00:00,197,I,T1,181.06083068783065,0.9190905111057394,Pax: Flight # has changed from 7700 to 1275,PORTUGAL,EU,INTERNATIONAL,C,0.9190905111057394,181.06083068783065,True,False,False
FR,ZAZ,2565,D,J,2024-12-04,18:05:00,189,I,T1,158.3749051478604,0.8379624610997904,Pax: 34 flights have been used for reference,SPAIN,EU,INTERNATIONAL,C,0.8379624610997904,158.3749051478604,True,False,False
FR,SNN,93,D,J,2024-12-04,18:05:00,189,I,T1,192.78,1.02,,IRISH REPUBLIC,EU,INTERNATIONAL,C,1.02,192.78,False,False,True
FR,PRG,1374,D,J,2024-12-04,18:05:00,189,I,T1,171.708,0.9085079365079365,,CZECH REPUBLIC,EU,INTERNATIONAL,C,0.9085079365079365,171.708,False,False,False
FR,WRO,8407,D,J,2024-12-04,18:10:00,197,I,T1,187.3132857142857,0.950828861493836,,POLAND,EU,INTERNATIONAL,C,0.950828861493836,187.3132857142857,False,False,False
FR,RZE,2134,D,J,2024-12-04,18:15:00,189,I,T1,159.54260406091367,0.8441407622270565,,POLAND,EU,INTERNATIONAL,C,0.8441407622270565,159.54260406091367,False,False,False
FR,BER,147,D,J,2024-12-04,18:20:00,189,I,T1,181.26386802030456,0.9590680847635161,Pax: Flight # has changed from 176 to 147,GERMANY,EU,INTERNATIONAL,C,0.9590680847635161,181.26386802030456,True,False,False
FR,CIA,3004,D,J,2024-12-04,18:20:00,197,I,T1,143.0807671957672,0.7262983106384122,,ITALY,EU,INTERNATIONAL,C,0.7262983106384122,143.0807671957672,False,False,False
FR,GDN,593,D,J,2024-12-04,18:25:00,189,I,T1,160.15878533262088,0.8474009805958777,Pax: Flight # has changed from 545 to 593,POLAND,EU,INTERNATIONAL,C,0.8474009805958777,160.15878533262088,True,False,False
FR,FMM,2404,D,J,2024-12-04,18:25:00,189,I,T1,115.86799999999998,0.613058201058201,,GERMANY,EU,INTERNATIONAL,C,0.613058201058201,115.86799999999998,False,False,False
FR,ZAG,2190,D,J,2024-12-04,18:25:00,186,I,T1,164.80943333333332,0.8860722222222222,,CROATIA,EU,INTERNATIONAL,C,0.8860722222222222,164.80943333333332,False,False,False
FR,REG,5411,D,J,2024-12-04,18:50:00,189,I,T1,90.12501688463536,0.4768519411885469,Pax: 29 flights have been used for reference,ITALY,EU,INTERNATIONAL,C,0.4768519411885469,90.12501688463536,True,False,False
FR,MAD,5996,D,J,2024-12-04,19:15:00,189,I,T1,167.48811167512687,0.8861804850535814,Pax: Flight # has changed from 5998 to 5996,SPAIN,EU,INTERNATIONAL,C,0.8861804850535814,167.48811167512687,True,False,False
FR,CPH,7384,D,J,2024-12-04,19:20:00,189,I,T1,178.688,0.9454391534391533,,DENMARK,EU,INTERNATIONAL,C,0.9454391534391533,178.688,False,False,False
FR,KRK,2432,D,J,2024-12-04,19:25:00,197,I,T1,187.89495238095236,0.9537814841672709,Pax: Flight # has changed from 2434 to 2432,POLAND,EU,INTERNATIONAL,C,0.9537814841672709,187.89495238095236,True,False,False
FR,DUB,256,D,J,2024-12-04,19:25:00,189,I,T1,174.54532199310904,0.9235202221857621,Pax: 2 flights have been used for reference,IRISH REPUBLIC,EU,INTERNATIONAL,C,0.9235202221857621,174.54532199310904,True,False,False
EC,AMS,7844,D,J,2024-12-04,19:30:00,195,I,T1,198.9,1.02,Pax: Seat capacity is 86 seats more than reference flight seat capacity,NETHERLANDS,EU,INTERNATIONAL,C,1.02,198.9,True,False,True
FR,CGN,2814,D,J,2024-12-04,19:45:00,197,I,T1,191.74318518518518,0.9733156608385034,,GERMANY,EU,INTERNATIONAL,C,0.9733156608385034,191.74318518518518,False,False,False
FR,PMO,3918,D,J,2024-12-04,19:55:00,197,I,T1,185.55732343974904,0.9419153474098936,Pax: 23 flights have been used for reference,ITALY,EU,INTERNATIONAL,C,0.9419153474098936,185.55732343974904,True,False,False
FR,VIE,732,D,J,2024-12-04,20:00:00,189,I,T1,137.03879032258064,0.7250729646697388,,AUSTRIA,EU,INTERNATIONAL,C,0.7250729646697388,137.03879032258064,False,False,False
FR,BUD,2518,D,J,2024-12-04,20:05:00,189,I,T1,172.05699999999996,0.9103544973544971,,HUNGARY,EU,INTERNATIONAL,C,0.9103544973544971,172.05699999999996,False,False,False
U2,BFS,46,D,J,2024-12-04,20:10:00,186,D,T1,165.25955384615384,0.8884922249793217,,GREAT BRITAIN,DOMESTIC,DOMESTIC,C,0.8884922249793217,165.25955384615384,False,False,False
EK,DXB,68,D,J,2024-12-04,20:15:00,442,I,T1,341.35501022027546,0.772296403213293,,UNITED ARAB EMIRATES,NON EU,INTERNATIONAL,E,0.772296403213293,341.35501022027546,False,False,False
U2,EDI,318,D,J,2024-12-04,20:40:00,186,D,T1,177.292,0.9531827956989247,,GREAT BRITAIN,DOMESTIC,DOMESTIC,C,0.9531827956989247,177.292,False,False,False
FR,LIS,1882,D,J,2024-12-04,20:40:00,189,I,T1,177.8335129032258,0.9409180576890254,,PORTUGAL,EU,INTERNATIONAL,C,0.9409180576890254,177.8335129032258,False,False,False
RK,EDI,1273,D,J,2024-12-04,20:55:00,189,D,T1,187.41299999999998,0.9916031746031745,,GREAT BRITAIN,DOMESTIC,DOMESTIC,C,0.9916031746031745,187.41299999999998,False,False,False
FR,BGY,2738,D,J,2024-12-04,21:05:00,197,I,T1,200.94,1.02,Pax: Flight # has changed from 4189 to 2738,ITALY,EU,INTERNATIONAL,C,1.02,200.94,True,False,True
U2,GLA,416,D,J,2024-12-04,21:05:00,156,D,T1,136.15503225806452,0.8727886683209264,,GREAT BRITAIN,DOMESTIC,DOMESTIC,C,0.8727886683209264,136.15503225806452,False,False,False
FR,BCN,9014,D,J,2024-12-04,21:35:00,197,I,T1,188.07037566137564,0.9546719576719576,,SPAIN,EU,INTERNATIONAL,C,0.9546719576719576,188.07037566137564,False,False,False
FR,DUB,271,D,J,2024-12-04,22:25:00,189,I,T1,171.15704060913706,0.9055928074557517,,IRISH REPUBLIC,EU,INTERNATIONAL,C,0.9055928074557517,171.15704060913706,False,False,False
PC,SAW,1174,D,J,2024-12-04,23:20:00,240,I,T1,244.8,1.02,Pax: Flight # has changed from 1170 to 1174,TURKEY,NON EU,INTERNATIONAL,C,1.02,244.8,True,False,True
